"Number of Dwellings by Tenure and district, England, 2024 [p]",,,,,,,
This worksheet contains one table.,,,,,,,
"This table contains notes, which can be found in the Notes worksheet.",,,,,,,
Source: Dwelling stock estimates in England: 2024,,,,,,,
Old ONS code,New ONS code,Area,Local authority,Private registered provider,Other public sector [note 5],Private sector,Total
,E92000001,England," 1,574,098 "," 2,671,675 "," 29,016 "," 21,342,624 "," 25,617,413 "
,,London boroughs," 391,449 "," 428,604 "," 3,199 "," 2,999,078 "," 3,822,330 "
,E13000001,Inner London," 237,046 "," 234,181 "," 1,163 "," 1,170,577 "," 1,642,967 "
00AA,E09000001,City of London, 451 , 230 , - ," 7,080 "," 7,761 "
00AG,E09000007,Camden," 22,808 "," 11,975 ", - ," 74,958 "," 109,741 "
00AM,E09000012,Hackney," 21,593 "," 24,047 ", - ," 73,491 "," 119,131 "
00AN,E09000013,Hammersmith and Fulham," 12,060 "," 13,931 ", - ," 72,077 "," 98,068 "
00AP,E09000014,Haringey," 15,139 "," 12,046 ", 80 ," 89,658 "," 116,923 "
00AU,E09000019,Islington," 25,297 "," 16,460 ", - ," 66,943 "," 108,700 "
00AW,E09000020,Kensington and Chelsea," 6,960 "," 12,740 ", - ," 70,236 "," 89,936 "
00AY,E09000022,Lambeth," 23,929 "," 24,997 ", 297 ," 98,644 "," 147,867 "
00AZ,E09000023,Lewisham," 14,159 "," 23,870 ", - ," 94,555 "," 132,584 "
00BB,E09000025,Newham," 15,924 "," 15,710 ", - ," 101,604 "," 133,238 "
00BE,E09000028,Southwark," 37,663 "," 17,768 ", 135 ," 90,996 "," 146,562 "
00BG,E09000030,Tower Hamlets," 11,591 "," 33,091 ", - ," 97,649 "," 142,331 "
00BJ,E09000032,Wandsworth," 17,265 "," 11,554 ", 445 ," 127,966 "," 157,230 "
00BK,E09000033,Westminster," 12,207 "," 15,762 ", 206 ," 104,720 "," 132,895 "
,E13000002,Outer London," 154,403 "," 194,423 "," 2,036 "," 1,828,501 "," 2,179,363 "
00AB,E09000002,Barking and Dagenham," 16,141 "," 5,582 ", - ," 58,655 "," 80,378 "
00AC,E09000003,Barnet," 9,977 "," 10,247 ", - ," 142,644 "," 162,868 "
00AD,E09000004,Bexley, 238 ," 14,175 ", - ," 86,878 "," 101,291 "
00AE,E09000005,Brent," 8,798 "," 19,388 ", - ," 106,401 "," 134,587 "
00AF,E09000006,Bromley, 36 ," 19,208 ", 9 ," 123,517 "," 142,770 "
00AH,E09000008,Croydon," 13,421 "," 13,809 ", - ," 142,156 "," 169,386 "
00AJ,E09000009,Ealing," 10,959 "," 13,361 ", 129 ," 122,024 "," 146,473 "
00AK,E09000010,Enfield," 10,356 "," 8,612 ", 28 ," 111,423 "," 130,419 "
00AL,E09000011,Greenwich," 20,727 "," 15,475 ", 390 ," 87,728 "," 124,320 "
00AQ,E09000015,Harrow," 4,991 "," 4,683 ", 179 ," 86,780 "," 96,633 "
00AR,E09000016,Havering," 9,529 "," 4,923 ", - ," 94,386 "," 108,838 "
00AS,E09000017,Hillingdon," 10,228 "," 7,977 ", 822 ," 98,831 "," 117,858 "
00AT,E09000018,Hounslow," 13,839 "," 9,020 ", 400 ," 89,066 "," 112,325 "
00AX,E09000021,Kingston upon Thames," 4,519 "," 2,871 ", - ," 63,137 "," 70,527 "
00BA,E09000024,Merton, 83 ," 11,385 ", 30 ," 76,861 "," 88,359 "
00BC,E09000026,Redbridge," 4,581 "," 4,891 ", - ," 98,864 "," 108,336 "
00BD,E09000027,Richmond upon Thames, - ," 9,928 ", 49 ," 76,072 "," 86,049 "
00BF,E09000029,Sutton," 6,028 "," 5,960 ", - ," 74,640 "," 86,628 "
00BH,E09000031,Waltham Forest," 9,952 "," 12,928 ", - ," 88,438 "," 111,318 "
,,Metropolitan districts," 442,634 "," 660,381 ", 986 ," 4,276,906 "," 5,380,907 "
,E11000001,Greater Manchester," 58,549 "," 201,237 ", 222 ," 1,018,752 "," 1,278,760 "
00BL,E08000001,Bolton, - ," 25,494 ", - ," 102,522 "," 128,016 "
00BM,E08000002,Bury," 7,716 "," 5,081 ", - ," 72,640 "," 85,437 "
00BN,E08000003,Manchester," 15,180 "," 51,832 ", 200 ," 173,798 "," 241,010 "
00BP,E08000004,Oldham," 2,089 "," 18,641 ", - ," 78,442 "," 99,172 "
00BQ,E08000005,Rochdale, 20 ," 20,800 ", 1 ," 76,948 "," 97,769 "
00BR,E08000006,Salford," 1,209 "," 29,912 ", - ," 101,715 "," 132,836 "
00BS,E08000007,Stockport," 10,992 "," 6,668 ", - ," 115,416 "," 133,076 "
00BT,E08000008,Tameside, - ," 22,471 ", - ," 83,077 "," 105,548 "
00BU,E08000009,Trafford, - ," 15,663 ", - ," 87,272 "," 102,935 "
00BW,E08000010,Wigan," 21,343 "," 4,675 ", 21 ," 126,922 "," 152,961 "
,E11000002,Merseyside, 200 ," 136,240 ", 1 ," 539,228 "," 675,669 "
00BX,E08000011,Knowsley, 19 ," 18,132 ", - ," 53,446 "," 71,597 "
00BY,E08000012,Liverpool, 139 ," 58,335 ", - ," 174,478 "," 232,952 "
00BZ,E08000013,St Helens, 2 ," 17,266 ", - ," 68,796 "," 86,064 "
00CA,E08000014,Sefton, - ," 18,934 ", - ," 113,353 "," 132,287 "
00CB,E08000015,Wirral, 40 ," 23,573 ", 1 ," 129,155 "," 152,769 "
,E11000003,South Yorkshire," 96,219 "," 32,130 ", 247 ," 504,748 "," 633,344 "
00CC,E08000016,Barnsley," 17,967 "," 4,141 ", - ," 93,430 "," 115,538 "
00CE,E08000017,Doncaster," 19,933 "," 4,959 ", - ," 119,390 "," 144,282 "
00CF,E08000018,Rotherham," 20,034 "," 5,109 ", 178 ," 96,666 "," 121,987 "
00CG,E08000019,Sheffield," 38,285 "," 17,921 ", 69 ," 195,262 "," 251,537 "
,E11000005,West Midlands," 139,460 "," 122,416 ", 82 ," 950,866 "," 1,212,824 "
00CN,E08000025,Birmingham," 58,813 "," 45,326 ", - ," 352,937 "," 457,076 "
00CQ,E08000026,Coventry, 175 ," 24,995 ", 1 ," 122,835 "," 148,006 "
00CR,E08000027,Dudley," 21,103 "," 5,511 ", 8 ," 114,928 "," 141,550 "
00CS,E08000028,Sandwell," 27,869 "," 7,669 ", - ," 100,868 "," 136,406 "
00CT,E08000029,Solihull," 9,970 "," 3,595 ", 35 ," 82,441 "," 96,041 "
00CU,E08000030,Walsall, - ," 28,274 ", 38 ," 90,269 "," 118,581 "
00CW,E08000031,Wolverhampton," 21,530 "," 7,046 ", - ," 86,588 "," 115,164 "
,E11000006,West Yorkshire," 75,415 "," 105,509 ", 21 ," 863,688 "," 1,044,633 "
00CX,E08000032,Bradford, 425 ," 31,524 ", - ," 191,577 "," 223,526 "
00CY,E08000033,Calderdale, - ," 14,092 ", - ," 83,343 "," 97,435 "
00CZ,E08000034,Kirklees," 21,740 "," 6,191 ", - ," 163,070 "," 191,001 "
00DA,E08000035,Leeds," 53,199 "," 18,534 ", - ," 295,989 "," 367,722 "
00DB,E08000036,Wakefield, 51 ," 35,168 ", 21 ," 129,709 "," 164,949 "
,E11000007,Tyne and Wear," 72,791 "," 62,849 ", 413 ," 399,624 "," 535,677 "
00CJ,E08000021,Newcastle upon Tyne," 24,547 "," 10,632 ", 413 ," 97,272 "," 132,864 "
00CK,E08000022,North Tyneside," 14,053 "," 6,520 ", - ," 81,044 "," 101,617 "
00CL,E08000023,South Tyneside," 15,927 "," 5,342 ", - ," 51,485 "," 72,754 "
00CM,E08000024,Sunderland, 149 ," 34,704 ", - ," 98,337 "," 133,190 "
00CH,E08000037,Gateshead," 18,115 "," 5,651 ", - ," 71,486 "," 95,252 "
,,Shire districts," 391,464 "," 806,744 "," 13,684 "," 7,660,678 "," 8,872,570 "
,E10000001,Bedfordshire, - , - , - , - , - 
,E10000002,Buckinghamshire, - , - , - , - , - 
,E10000003,Cambridgeshire," 13,541 "," 32,863 ", 637 ," 256,656 "," 303,697 "
12UB,E07000008,Cambridge," 7,514 "," 5,395 ", 95 ," 45,108 "," 58,112 "
12UC,E07000009,East Cambridgeshire, - ," 5,667 ", 126 ," 35,087 "," 40,880 "
12UD,E07000010,Fenland, 60 ," 5,961 ", - ," 41,790 "," 47,811 "
12UE,E07000011,Huntingdonshire, 52 ," 11,120 ", 416 ," 71,806 "," 83,394 "
12UG,E07000012,South Cambridgeshire," 5,915 "," 4,720 ", - ," 62,865 "," 73,500 "
,E10000004,Cheshire, - , - , - , - , - 
,E10000005,Cornwall and Isles of Scilly, - , - , - , - , - 
,E10000006,Cumbria, - , - , - , - , - 
,E10000007,Derbyshire," 28,094 "," 26,549 ", 76 ," 328,642 "," 383,361 "
17UB,E07000032,Amber Valley, 29 ," 7,478 ", - ," 52,854 "," 60,361 "
17UC,E07000033,Bolsover," 5,009 "," 1,199 ", - ," 32,428 "," 38,636 "
17UD,E07000034,Chesterfield," 8,774 "," 1,622 ", 70 ," 40,596 "," 51,062 "
17UF,E07000035,Derbyshire Dales, 40 ," 4,247 ", 3 ," 31,826 "," 36,116 "
17UG,E07000036,Erewash, - ," 6,803 ", 1 ," 46,326 "," 53,130 "
17UH,E07000037,High Peak," 3,819 "," 1,567 ", 1 ," 38,860 "," 44,247 "
17UJ,E07000038,North East Derbyshire," 7,496 "," 1,251 ", 1 ," 40,397 "," 49,145 "
17UK,E07000039,South Derbyshire," 2,927 "," 2,382 ", - ," 45,355 "," 50,664 "
,E10000008,Devon," 12,041 "," 31,345 ", 410 ," 353,749 "," 397,545 "
18UB,E07000040,East Devon," 4,152 "," 3,121 ", - ," 67,843 "," 75,116 "
18UC,E07000041,Exeter," 4,804 "," 4,930 ", 25 ," 47,666 "," 57,425 "
18UD,E07000042,Mid Devon," 2,975 "," 1,647 ", - ," 33,767 "," 38,389 "
18UE,E07000043,North Devon, 22 ," 5,033 ", 316 ," 45,090 "," 50,461 "
18UG,E07000044,South Hams, 15 ," 4,930 ", 59 ," 43,268 "," 48,272 "
18UH,E07000045,Teignbridge, 46 ," 6,093 ", 3 ," 59,695 "," 65,837 "
18UK,E07000046,Torridge, 5 ," 2,918 ", - ," 31,774 "," 34,697 "
18UL,E07000047,West Devon, 22 ," 2,673 ", 7 ," 24,646 "," 27,348 "
,E10000009,Dorset, - , - , - , - , - 
,E10000010,Durham, - , - , - , - , - 
,E10000011,East Sussex," 9,878 "," 18,544 ", 40 ," 235,876 "," 264,338 "
21UC,E07000061,Eastbourne," 3,402 "," 2,556 ", - ," 44,068 "," 50,026 "
21UD,E07000062,Hastings, 75 ," 6,102 ", 40 ," 38,396 "," 44,613 "
21UF,E07000063,Lewes," 3,254 "," 1,916 ", - ," 42,465 "," 47,635 "
21UG,E07000064,Rother, 49 ," 4,573 ", - ," 42,585 "," 47,207 "
21UH,E07000065,Wealden," 3,098 "," 3,397 ", - ," 68,362 "," 74,857 "
,E10000012,Essex," 42,811 "," 52,342 ", 249 ," 580,041 "," 675,443 "
22UB,E07000066,Basildon," 11,075 "," 5,954 ", 36 ," 63,184 "," 80,249 "
22UC,E07000067,Braintree, 8 ," 11,636 ", 161 ," 58,312 "," 70,117 "
22UD,E07000068,Brentwood," 2,647 "," 1,061 ", - ," 31,948 "," 35,656 "
22UE,E07000069,Castle Point," 1,497 ", 597 , - ," 36,981 "," 39,075 "
22UF,E07000070,Chelmsford, 121 ," 10,946 ", 19 ," 70,179 "," 81,265 "
22UG,E07000071,Colchester," 5,996 "," 5,581 ", 7 ," 74,430 "," 86,014 "
22UH,E07000072,Epping Forest," 6,547 "," 1,882 ", 26 ," 49,870 "," 58,325 "
22UJ,E07000073,Harlow," 9,040 "," 2,323 ", - ," 29,341 "," 40,704 "
22UK,E07000074,Maldon, 1 ," 3,449 ", - ," 26,873 "," 30,323 "
22UL,E07000075,Rochford, - ," 3,368 ", - ," 34,529 "," 37,897 "
22UN,E07000076,Tendring," 3,062 "," 3,082 ", - ," 69,069 "," 75,213 "
22UQ,E07000077,Uttlesford," 2,817 "," 2,463 ", - ," 35,325 "," 40,605 "
,E10000013,Gloucestershire," 9,567 "," 31,029 ", 396 ," 266,302 "," 307,294 "
23UB,E07000078,Cheltenham," 4,546 "," 2,513 ", - ," 50,452 "," 57,511 "
23UC,E07000079,Cotswold, - ," 6,294 ", 163 ," 40,131 "," 46,588 "
23UD,E07000080,Forest of Dean, 3 ," 5,442 ", 195 ," 35,337 "," 40,977 "
23UE,E07000081,Gloucester, 19 ," 8,679 ", 38 ," 50,748 "," 59,484 "
23UF,E07000082,Stroud," 4,999 "," 2,210 ", - ," 49,633 "," 56,842 "
23UG,E07000083,Tewkesbury, - ," 5,891 ", - ," 40,001 "," 45,892 "
,E10000014,Hampshire," 21,135 "," 66,728 "," 2,229 "," 539,775 "," 629,867 "
24UB,E07000084,Basingstoke and Deane, - ," 15,011 ", 125 ," 66,347 "," 81,483 "
24UC,E07000085,East Hampshire, - ," 6,905 ", - ," 49,135 "," 56,040 "
24UD,E07000086,Eastleigh, 28 ," 7,932 ", 2 ," 52,769 "," 60,731 "
24UE,E07000087,Fareham," 2,590 "," 1,885 ", 399 ," 46,183 "," 51,057 "
24UF,E07000088,Gosport," 3,063 "," 3,049 ", 24 ," 31,690 "," 37,826 "
24UG,E07000089,Hart, 41 ," 3,747 ", 647 ," 38,503 "," 42,938 "
24UH,E07000090,Havant," 4,993 "," 5,885 ", - ," 46,242 "," 57,120 "
24UJ,E07000091,New Forest," 5,205 "," 3,530 ", 311 ," 75,121 "," 84,167 "
24UL,E07000092,Rushmoor, 1 ," 6,777 ", - ," 35,475 "," 42,253 "
24UN,E07000093,Test Valley, - ," 8,559 ", 721 ," 49,351 "," 58,631 "
24UP,E07000094,Winchester," 5,214 "," 3,448 ", - ," 48,959 "," 57,621 "
,E10000015,Hertfordshire," 32,484 "," 58,170 ", 344 ," 426,579 "," 517,577 "
26UB,E07000095,Broxbourne, 496 ," 5,553 ", 14 ," 36,795 "," 42,858 "
26UC,E07000096,Dacorum," 10,061 "," 3,971 ", - ," 53,848 "," 67,880 "
26UE,E07000098,Hertsmere, 145 ," 7,487 ", 219 ," 37,630 "," 45,481 "
26UF,E07000099,North Hertfordshire, - ," 10,854 ", 31 ," 49,072 "," 59,957 "
26UJ,E07000102,Three Rivers, 55 ," 5,416 ", - ," 33,556 "," 39,027 "
26UK,E07000103,Watford, 42 ," 7,076 ", 50 ," 36,529 "," 43,697 "
26UG,E07000240,St. Albans," 4,899 "," 2,814 ", - ," 55,463 "," 63,176 "
26UL,E07000241,Welwyn Hatfield," 8,847 "," 3,765 ", - ," 37,009 "," 49,621 "
26UD,E07000242,East Hertfordshire, 28 ," 8,997 ", 30 ," 58,664 "," 67,719 "
26UH,E07000243,Stevenage," 7,911 "," 2,237 ", - ," 28,013 "," 38,161 "
,E10000016,Kent," 31,607 "," 61,996 ", 568 ," 621,355 "," 715,526 "
29UB,E07000105,Ashford," 5,171 "," 2,900 ", - ," 50,681 "," 58,752 "
29UC,E07000106,Canterbury," 5,071 "," 2,961 ", - ," 61,910 "," 69,942 "
29UD,E07000107,Dartford," 4,216 "," 2,275 ", - ," 43,345 "," 49,836 "
29UE,E07000108,Dover," 4,856 "," 2,971 ", 12 ," 48,768 "," 56,607 "
29UG,E07000109,Gravesham," 5,673 "," 1,896 ", - ," 37,635 "," 45,204 "
29UH,E07000110,Maidstone, 6 ," 10,241 ", - ," 69,042 "," 79,289 "
29UK,E07000111,Sevenoaks, 6 ," 6,693 ", 16 ," 45,532 "," 52,247 "
29UL,E07000112,Folkestone and Hythe," 3,391 "," 2,155 ", 300 ," 48,543 "," 54,389 "
29UM,E07000113,Swale, 9 ," 8,856 ", - ," 59,899 "," 68,764 "
29UN,E07000114,Thanet," 3,142 "," 4,873 ", 229 ," 62,729 "," 70,973 "
29UP,E07000115,Tonbridge and Malling, 10 ," 8,620 ", 11 ," 48,182 "," 56,823 "
29UQ,E07000116,Tunbridge Wells, 56 ," 7,555 ", - ," 45,089 "," 52,700 "
,E10000017,Lancashire," 9,719 "," 61,144 ", 440 ," 504,487 "," 575,790 "
30UD,E07000117,Burnley, 36 ," 6,492 ", - ," 36,260 "," 42,788 "
30UE,E07000118,Chorley, 159 ," 7,150 ", 21 ," 45,868 "," 53,198 "
30UF,E07000119,Fylde, - ," 3,324 ", 252 ," 38,316 "," 41,892 "
30UG,E07000120,Hyndburn, 1 ," 5,035 ", - ," 32,826 "," 37,862 "
30UH,E07000121,Lancaster," 3,629 "," 3,019 ", - ," 59,612 "," 66,260 "
30UJ,E07000122,Pendle, 1 ," 4,816 ", - ," 36,896 "," 41,713 "
30UK,E07000123,Preston, - ," 12,605 ", 140 ," 54,910 "," 67,655 "
30UL,E07000124,Ribble Valley, 10 ," 2,335 ", 15 ," 27,910 "," 30,270 "
30UM,E07000125,Rossendale, 20 ," 4,749 ", 12 ," 28,057 "," 32,838 "
30UN,E07000126,South Ribble, 23 ," 5,476 ", - ," 46,887 "," 52,386 "
30UP,E07000127,West Lancashire," 5,840 "," 1,752 ", - ," 45,128 "," 52,720 "
30UQ,E07000128,Wyre, - ," 4,391 ", - ," 51,817 "," 56,208 "
,E10000018,Leicestershire," 15,742 "," 18,953 ", - ," 284,478 "," 319,173 "
31UB,E07000129,Blaby, 15 ," 3,902 ", - ," 40,780 "," 44,697 "
31UC,E07000130,Charnwood," 5,444 "," 4,293 ", - ," 69,379 "," 79,116 "
31UD,E07000131,Harborough, 5 ," 3,897 ", - ," 40,671 "," 44,573 "
31UE,E07000132,Hinckley and Bosworth," 3,207 "," 2,585 ", - ," 46,966 "," 52,758 "
31UG,E07000133,Melton," 1,787 ", 931 , - ," 22,013 "," 24,731 "
31UH,E07000134,North West Leicestershire," 4,102 "," 2,540 ", - ," 42,310 "," 48,952 "
31UJ,E07000135,Oadby and Wigston," 1,182 ", 805 , - ," 22,359 "," 24,346 "
,E10000019,Lincolnshire," 21,497 "," 26,298 "," 1,651 "," 331,179 "," 380,625 "
32UB,E07000136,Boston, - ," 6,009 ", 23 ," 25,810 "," 31,842 "
32UC,E07000137,East Lindsey, 11 ," 7,761 ", 439 ," 81,815 "," 90,026 "
32UD,E07000138,Lincoln," 7,793 "," 1,990 ", - ," 35,775 "," 45,558 "
32UE,E07000139,North Kesteven," 4,023 "," 1,614 "," 1,084 "," 47,976 "," 54,697 "
32UF,E07000140,South Holland," 3,815 "," 1,492 ", - ," 39,164 "," 44,471 "
32UG,E07000141,South Kesteven," 5,847 "," 2,441 ", - ," 59,128 "," 67,416 "
32UH,E07000142,West Lindsey, 8 ," 4,991 ", 105 ," 41,511 "," 46,615 "
,E10000020,Norfolk," 20,232 "," 47,070 ", 745 ," 380,194 "," 448,241 "
33UB,E07000143,Breckland, 53 ," 9,042 ", - ," 56,899 "," 65,994 "
33UC,E07000144,Broadland, 9 ," 6,141 ", 144 ," 56,042 "," 62,336 "
33UD,E07000145,Great Yarmouth," 5,766 "," 1,935 ", - ," 42,665 "," 50,366 "
33UE,E07000146,King's Lynn and West Norfolk, 157 ," 9,801 ", 589 ," 65,797 "," 76,344 "
33UF,E07000147,North Norfolk, 29 ," 6,233 ", - ," 51,399 "," 57,661 "
33UG,E07000148,Norwich," 14,211 "," 5,803 ", - ," 48,662 "," 68,676 "
33UH,E07000149,South Norfolk, 7 ," 8,115 ", 12 ," 58,730 "," 66,864 "
,E10000021,Northamptonshire, - , - , - , - , - 
,E10000022,Northumberland, - , - , - , - , - 
,E10000023,North Yorkshire, - , - , - , - , - 
,E10000024,Nottinghamshire," 29,710 "," 20,706 ", 198 ," 336,163 "," 386,777 "
37UB,E07000170,Ashfield," 6,680 "," 2,157 ", 2 ," 49,060 "," 57,899 "
37UC,E07000171,Bassetlaw," 6,546 "," 1,751 ", - ," 48,865 "," 57,162 "
37UD,E07000172,Broxtowe," 4,369 "," 1,449 ", 196 ," 45,605 "," 51,619 "
37UE,E07000173,Gedling, 160 ," 5,275 ", - ," 49,696 "," 55,131 "
37UF,E07000174,Mansfield," 6,322 "," 2,326 ", - ," 43,004 "," 51,652 "
37UG,E07000175,Newark and Sherwood," 5,603 "," 2,711 ", - ," 49,777 "," 58,091 "
37UJ,E07000176,Rushcliffe, 30 ," 5,037 ", - ," 50,156 "," 55,223 "
,E10000025,Oxfordshire," 7,954 "," 37,827 "," 2,420 "," 269,847 "," 318,048 "
38UB,E07000177,Cherwell, 240 ," 9,261 ", 325 ," 62,664 "," 72,490 "
38UC,E07000178,Oxford," 7,708 "," 4,497 ", 848 ," 47,224 "," 60,277 "
38UD,E07000179,South Oxfordshire, 2 ," 8,207 ", - ," 59,458 "," 67,667 "
38UE,E07000180,Vale of White Horse, 3 ," 8,917 ", - ," 55,183 "," 64,103 "
38UF,E07000181,West Oxfordshire, 1 ," 6,945 "," 1,247 "," 45,318 "," 53,511 "
,E10000026,Shropshire, - , - , - , - , - 
,E10000027,Somerset, - , - , - , - , - 
,E10000028,Staffordshire," 9,355 "," 47,285 ", 716 ," 345,368 "," 402,724 "
41UB,E07000192,Cannock Chase," 5,037 "," 2,529 ", - ," 38,521 "," 46,087 "
41UC,E07000193,East Staffordshire, - ," 7,145 ", - ," 48,889 "," 56,034 "
41UD,E07000194,Lichfield, 6 ," 6,363 ", 183 ," 42,678 "," 49,230 "
41UE,E07000195,Newcastle-under-Lyme, - ," 9,701 ", - ," 47,711 "," 57,412 "
41UF,E07000196,South Staffordshire, 2 ," 6,911 ", 9 ," 42,483 "," 49,405 "
41UG,E07000197,Stafford, - ," 8,766 ", 524 ," 54,881 "," 64,171 "
41UH,E07000198,Staffordshire Moorlands, 6 ," 3,863 ", - ," 41,582 "," 45,451 "
41UK,E07000199,Tamworth," 4,304 "," 2,007 ", - ," 28,623 "," 34,934 "
,E10000029,Suffolk," 19,282 "," 33,216 ", 160 ," 309,479 "," 362,137 "
42UB,E07000200,Babergh," 3,559 "," 2,437 ", - ," 37,838 "," 43,834 "
42UD,E07000202,Ipswich," 7,808 "," 4,985 ", 160 ," 49,090 "," 62,043 "
42UE,E07000203,Mid Suffolk," 3,431 "," 2,357 ", - ," 43,497 "," 49,285 "
A0011,E07000244,East Suffolk," 4,426 "," 10,517 ", - ," 108,073 "," 123,016 "
A0012,E07000245,West Suffolk, 58 ," 12,920 ", - ," 70,981 "," 83,959 "
,E10000030,Surrey," 19,415 "," 39,224 ", 942 ," 461,066 "," 520,647 "
43UB,E07000207,Elmbridge, 91 ," 5,735 ", 9 ," 54,480 "," 60,315 "
43UC,E07000208,Epsom and Ewell, 28 ," 2,867 ", - ," 30,279 "," 33,174 "
43UD,E07000209,Guildford," 5,236 "," 2,573 ", - ," 53,375 "," 61,184 "
43UE,E07000210,Mole Valley, 41 ," 4,371 ", 4 ," 35,124 "," 39,540 "
43UF,E07000211,Reigate and Banstead, 52 ," 7,299 ", - ," 57,041 "," 64,392 "
43UG,E07000212,Runnymede," 3,130 "," 2,132 ", 102 ," 33,151 "," 38,515 "
43UH,E07000213,Spelthorne, 51 ," 5,432 ", 180 ," 38,795 "," 44,458 "
43UJ,E07000214,Surrey Heath, 11 ," 3,725 ", 480 ," 34,470 "," 38,686 "
43UK,E07000215,Tandridge," 2,601 "," 1,461 ", 167 ," 33,931 "," 38,160 "
43UL,E07000216,Waverley," 4,800 "," 1,972 ", - ," 50,601 "," 57,373 "
43UM,E07000217,Woking," 3,374 "," 1,657 ", - ," 39,819 "," 44,850 "
,E10000031,Warwickshire," 17,225 "," 21,309 ", - ," 241,263 "," 279,797 "
44UB,E07000218,North Warwickshire," 2,573 "," 1,317 ", - ," 25,764 "," 29,654 "
44UC,E07000219,Nuneaton and Bedworth," 5,619 "," 3,438 ", - ," 52,378 "," 61,435 "
44UD,E07000220,Rugby," 3,479 "," 3,269 ", - ," 45,461 "," 52,209 "
44UE,E07000221,Stratford-on-Avon, 11 ," 8,923 ", - ," 58,559 "," 67,493 "
44UF,E07000222,Warwick," 5,543 "," 4,362 ", - ," 59,101 "," 69,006 "
,E10000032,West Sussex," 14,595 "," 36,823 "," 1,439 "," 353,122 "," 405,979 "
45UB,E07000223,Adur," 2,536 "," 1,119 ", - ," 25,357 "," 29,012 "
45UC,E07000224,Arun," 3,448 "," 4,012 ", - ," 71,863 "," 79,323 "
45UD,E07000225,Chichester, 42 ," 8,802 ", 118 ," 53,110 "," 62,072 "
45UE,E07000226,Crawley," 8,395 "," 2,684 ", - ," 36,317 "," 47,396 "
45UF,E07000227,Horsham, 90 ," 7,386 ", 11 ," 58,905 "," 66,392 "
45UG,E07000228,Mid Sussex, 48 ," 7,909 "," 1,310 "," 60,192 "," 69,459 "
45UH,E07000229,Worthing, 36 ," 4,911 ", - ," 47,378 "," 52,325 "
,E10000033,Wiltshire, - , - , - , - , - 
,E10000034,Worcestershire," 5,580 "," 37,323 ", 24 ," 235,057 "," 277,984 "
47UB,E07000234,Bromsgrove, - ," 4,622 ", 10 ," 38,583 "," 43,215 "
47UC,E07000235,Malvern Hills, 1 ," 5,555 ", - ," 32,222 "," 37,778 "
47UD,E07000236,Redditch," 5,552 "," 2,372 ", 6 ," 30,313 "," 38,243 "
47UE,E07000237,Worcester, 11 ," 7,956 ", 2 ," 39,760 "," 47,729 "
47UF,E07000238,Wychavon, 3 ," 9,811 ", - ," 51,881 "," 61,695 "
47UG,E07000239,Wyre Forest, 13 ," 7,007 ", 6 ," 42,298 "," 49,324 "
,,Unitary authorities," 348,551 "," 775,946 "," 11,147 "," 6,405,962 "," 7,541,606 "
00EB,E06000001,Hartlepool UA, 358 ," 10,048 ", - ," 35,358 "," 45,764 "
00EC,E06000002,Middlesbrough UA, 36 ," 15,138 ", - ," 50,575 "," 65,749 "
00EE,E06000003,Redcar and Cleveland UA, - ," 12,676 ", - ," 54,244 "," 66,920 "
00EF,E06000004,Stockton-on-Tees UA, - ," 13,986 ", - ," 76,069 "," 90,055 "
00EH,E06000005,Darlington UA," 5,256 "," 3,119 ", - ," 45,131 "," 53,506 "
00ET,E06000006,Halton UA, - ," 14,423 ", - ," 44,801 "," 59,224 "
00EU,E06000007,Warrington UA, 99 ," 14,924 ", - ," 81,994 "," 97,017 "
00EX,E06000008,Blackburn with Darwen UA, - ," 11,658 ", 12 ," 52,102 "," 63,772 "
00EY,E06000009,Blackpool UA," 4,861 "," 2,453 ", - ," 66,014 "," 73,328 "
00FA,E06000010,"Kingston upon Hull, City of UA"," 22,961 "," 9,591 ", 240 ," 91,915 "," 124,707 "
00FB,E06000011,East Riding of Yorkshire UA," 11,349 "," 3,907 ", 211 ," 163,666 "," 179,133 "
00FC,E06000012,North East Lincolnshire UA, 5 ," 9,527 ", 220 ," 65,618 "," 75,370 "
00FD,E06000013,North Lincolnshire UA, 15 ," 11,605 ", 67 ," 66,038 "," 77,725 "
00FF,E06000014,York UA," 7,488 "," 5,193 ", 309 ," 79,043 "," 92,033 "
00FK,E06000015,Derby UA," 12,594 "," 8,151 ", 50 ," 93,806 "," 114,601 "
00FN,E06000016,Leicester UA," 18,697 "," 10,857 ", 70 ," 108,126 "," 137,750 "
00FP,E06000017,Rutland UA, 1 ," 1,826 ", 593 ," 15,530 "," 17,950 "
00FY,E06000018,Nottingham UA," 24,402 "," 10,449 ", - ," 105,238 "," 140,089 "
00GA,E06000019,"Herefordshire, County of UA", 25 ," 11,700 ", 412 ," 78,817 "," 90,954 "
00GF,E06000020,Telford and Wrekin UA, - ," 14,737 ", - ," 68,779 "," 83,516 "
00GL,E06000021,Stoke-on-Trent UA," 17,364 "," 8,523 ", - ," 93,013 "," 118,900 "
00HA,E06000022,Bath and North East Somerset UA, 37 ," 11,968 ", - ," 73,815 "," 85,820 "
00HB,E06000023,"Bristol, City of UA"," 26,226 "," 13,351 ", 500 ," 168,118 "," 208,195 "
00HC,E06000024,North Somerset UA, - ," 10,089 ", 12 ," 92,576 "," 102,677 "
00HD,E06000025,South Gloucestershire UA, 8 ," 14,592 ", 212 ," 112,729 "," 127,541 "
00HG,E06000026,Plymouth UA, - ," 22,268 "," 1,253 "," 98,979 "," 122,500 "
00HH,E06000027,Torbay UA, 36 ," 5,536 ", - ," 64,510 "," 70,082 "
00HX,E06000030,Swindon UA," 10,401 "," 5,853 ", - ," 86,424 "," 102,678 "
00JA,E06000031,Peterborough UA, 144 ," 16,299 ", 473 ," 73,605 "," 90,521 "
00KA,E06000032,Luton UA," 7,629 "," 4,760 ", - ," 71,515 "," 83,904 "
00KF,E06000033,Southend-on-Sea UA," 6,073 "," 3,788 ", - ," 73,716 "," 83,577 "
00KG,E06000034,Thurrock UA," 9,823 "," 2,174 ", - ," 58,561 "," 70,558 "
00LC,E06000035,Medway UA," 3,029 "," 5,534 ", 300 ," 111,946 "," 120,809 "
00MA,E06000036,Bracknell Forest UA, 151 ," 8,261 ", 321 ," 45,828 "," 54,561 "
00MB,E06000037,West Berkshire UA, 83 ," 9,454 ", 299 ," 61,668 "," 71,504 "
00MC,E06000038,Reading UA," 6,982 "," 4,709 ", - ," 63,164 "," 74,855 "
00MD,E06000039,Slough UA," 6,220 "," 4,492 ", - ," 47,106 "," 57,818 "
00ME,E06000040,Windsor and Maidenhead UA, - ," 7,868 ", - ," 58,758 "," 66,626 "
00MF,E06000041,Wokingham UA," 2,498 "," 2,865 ", - ," 69,291 "," 74,654 "
00MG,E06000042,Milton Keynes UA," 12,478 "," 11,130 ", 2 ," 101,004 "," 124,614 "
00ML,E06000043,Brighton and Hove UA," 11,843 "," 6,837 ", 17 ," 115,491 "," 134,188 "
00MR,E06000044,Portsmouth UA," 10,434 "," 6,228 ", 809 ," 74,063 "," 91,534 "
00MS,E06000045,Southampton UA," 16,339 "," 7,957 ", - ," 84,850 "," 109,146 "
00MW,E06000046,Isle of Wight UA, 88 ," 7,440 ", 4 ," 67,051 "," 74,583 "
00EJ,E06000047,County Durham UA, - ," 48,966 ", - ," 203,664 "," 252,630 "
00EQ,E06000049,Cheshire East UA, 25 ," 22,240 ", 77 ," 168,495 "," 190,837 "
00EW,E06000050,Cheshire West and Chester UA," 5,319 "," 19,464 ", 267 ," 141,551 "," 166,601 "
00GG,E06000051,Shropshire UA," 4,064 "," 15,218 ", 607 ," 132,314 "," 152,203 "
00HE,E06000052,Cornwall UA," 10,381 "," 23,114 ", - ," 259,988 "," 293,483 "
00HY,E06000054,Wiltshire UA," 5,308 "," 26,778 ", 61 ," 200,012 "," 232,159 "
00KB,E06000055,Bedford UA, 101 ," 12,935 ", 1 ," 68,355 "," 81,392 "
00KC,E06000056,Central Bedfordshire UA," 5,602 "," 12,605 ", 508 ," 113,408 "," 132,123 "
00EM,E06000057,Northumberland UA," 8,416 "," 18,116 ", 51 ," 137,212 "," 163,795 "
A0014,E06000058,"Bournemouth, Christchurch and Poole UA"," 10,098 "," 9,175 ", - ," 169,329 "," 188,602 "
A0015,E06000059,Dorset UA, 207 ," 21,894 ", - ," 166,455 "," 188,556 "
A0016,E06000060,Buckinghamshire UA, 163 ," 30,272 ", 695 ," 208,120 "," 239,250 "
A0017,E06000061,North Northamptonshire," 8,215 "," 16,552 ", 1 ," 135,560 "," 160,328 "
A0018,E06000062,West Northamptonshire," 11,416 "," 14,977 ", 5 ," 159,631 "," 186,029 "
,E06000063,Cumberland, 30 ," 22,710 ", 36 ," 116,240 "," 139,016 "
,E06000064,Westmorland and Furness," 2,577 "," 8,490 ", 10 ," 110,062 "," 121,139 "
,E06000065,North Yorkshire," 10,726 "," 26,702 "," 2,442 "," 268,906 "," 308,776 "
,E06000066,Somerset," 9,755 "," 27,733 ", - ," 234,894 "," 272,382 "
00HF,E06000053,Isles of Scilly, 115 , 61 , - ," 1,121 "," 1,297 "